<application>
  <component name="ProjectManager">
    <defaultProject>
      <component name="ComposerSettings">
        <execution>
          <executable path="/usr/local/bin/composer" />
        </execution>
      </component>
      <component name="JsFlowSettings">
        <service-enabled>true</service-enabled>
        <exe-path />
        <other-services-enabled>true</other-services-enabled>
        <auto-save>true</auto-save>
      </component>
      <component name="MessDetector">
        <phpmd_settings>
          <MessDetectorConfiguration tool_path="$USER_HOME$/.composer/vendor/bin/phpmd" />
        </phpmd_settings>
      </component>
      <component name="PhpCSFixer">
        <phpcsfixer_settings>
          <PhpCSFixerConfiguration standards="PSR1;PSR2;Symfony;DoctrineAnnotation;PHP70Migration;PHP71Migration" tool_path="$USER_HOME$/.composer/vendor/bin/phpcs" />
        </phpcsfixer_settings>
      </component>
      <component name="PhpCodeSniffer">
        <phpcs_settings>
          <PhpCSConfiguration beautifier_path="$USER_HOME$/.composer/vendor/bin/phpcbf" tool_path="$USER_HOME$/.composer/vendor/squizlabs/php_codesniffer/" />
        </phpcs_settings>
      </component>
      <component name="PhpIncludePathManager">
        <include_path>
          <path value="$USER_HOME$/projects/phalcon/phalcon-devtools/ide/3.4.1/Phalcon" />
        </include_path>
      </component>
      <component name="PhpProjectSharedConfiguration" php_language_level="7.2" />
      <component name="PhpWorkspaceProjectConfiguration" interpreter_name="PHP 7.2">
        <include_path>
          <path value="$USER_HOME$/projects/phalcon/phalcon-devtools/ide/3.4.1/Phalcon" />
        </include_path>
      </component>
      <component name="ProjectInspectionProfilesVisibleTreeState">
        <entry key="Project Default">
          <profile-state>
            <expanded-state>
              <State />
              <State>
                <id>PHP</id>
              </State>
            </expanded-state>
            <selected-state>
              <State>
                <id>Angular</id>
              </State>
            </selected-state>
          </profile-state>
        </entry>
      </component>
      <component name="ProjectViewState">
        <option name="autoscrollFromSource" value="true" />
        <option name="hideEmptyMiddlePackages" value="true" />
        <option name="showLibraryContents" value="true" />
      </component>
      <component name="PropertiesComponent">
        <property name="node.js.path.for.package.stylelint" value="project" />
        <property name="node.js.selected.package.stylelint" value="" />
        <property name="settings.editor.selected.configurable" value="copyright" />
        <property name="typescript.add.unambiguous.imports.on.the.fly" value="true" />
      </component>
      <component name="YarnPnpManager">
        <pnp-files />
      </component>
      <component name="masterDetails">
        <states>
          <state key="ScopeChooserConfigurable.UI">
            <settings>
              <splitter-proportions>
                <option name="proportions">
                  <list>
                    <option value="0.2" />
                  </list>
                </option>
              </splitter-proportions>
            </settings>
          </state>
        </states>
      </component>
    </defaultProject>
  </component>
</application>