<application>
  <component name="libraryTable">
    <library name="Python 3.7 (client-golang) (2) interpreter library">
      <CLASSES>
        <root url="file://$USER_HOME$/.pyenv/versions/3.7.3/lib/python3.7" />
        <root url="file://$USER_HOME$/.pyenv/versions/3.7.3/lib/python3.7/lib-dynload" />
        <root url="file://$USER_HOME$/.local/lib/python3.7/site-packages" />
        <root url="file://$USER_HOME$/.pyenv/versions/3.7.3/lib/python3.7/site-packages" />
        <root url="file://$USER_HOME$/Library/Caches/JetBrains/GoLand2020.2/python_stubs/686822975" />
        <root url="file://$APPLICATION_PLUGINS_DIR$/python-ce/helpers/python-skeletons" />
        <root url="file://$APPLICATION_PLUGINS_DIR$/python-ce/helpers/typeshed/stdlib/3.7" />
        <root url="file://$APPLICATION_PLUGINS_DIR$/python-ce/helpers/typeshed/stdlib/3" />
        <root url="file://$APPLICATION_PLUGINS_DIR$/python-ce/helpers/typeshed/stdlib/2and3" />
        <root url="file://$APPLICATION_PLUGINS_DIR$/python-ce/helpers/typeshed/third_party/3" />
        <root url="file://$APPLICATION_PLUGINS_DIR$/python-ce/helpers/typeshed/third_party/2and3" />
      </CLASSES>
      <SOURCES>
        <root url="file://$USER_HOME$/.pyenv/versions/3.7.3/lib/python3.7" />
        <root url="file://$USER_HOME$/.pyenv/versions/3.7.3/lib/python3.7/lib-dynload" />
        <root url="file://$USER_HOME$/.local/lib/python3.7/site-packages" />
        <root url="file://$USER_HOME$/.pyenv/versions/3.7.3/lib/python3.7/site-packages" />
        <root url="file://$USER_HOME$/Library/Caches/JetBrains/GoLand2020.2/python_stubs/686822975" />
        <root url="file://$APPLICATION_PLUGINS_DIR$/python-ce/helpers/python-skeletons" />
        <root url="file://$APPLICATION_PLUGINS_DIR$/python-ce/helpers/typeshed/stdlib/3.7" />
        <root url="file://$APPLICATION_PLUGINS_DIR$/python-ce/helpers/typeshed/stdlib/3" />
        <root url="file://$APPLICATION_PLUGINS_DIR$/python-ce/helpers/typeshed/stdlib/2and3" />
        <root url="file://$APPLICATION_PLUGINS_DIR$/python-ce/helpers/typeshed/third_party/3" />
        <root url="file://$APPLICATION_PLUGINS_DIR$/python-ce/helpers/typeshed/third_party/2and3" />
      </SOURCES>
    </library>
    <library name="Python 3.7 (client-golang) (2) interpreter library">
      <CLASSES>
        <root url="file://$USER_HOME$/.pyenv/versions/3.7.3/lib/python3.7" />
        <root url="file://$USER_HOME$/.pyenv/versions/3.7.3/lib/python3.7/lib-dynload" />
        <root url="file://$USER_HOME$/.local/lib/python3.7/site-packages" />
        <root url="file://$USER_HOME$/.pyenv/versions/3.7.3/lib/python3.7/site-packages" />
        <root url="file://$USER_HOME$/Library/Caches/JetBrains/GoLand2020.2/python_stubs/686822975" />
        <root url="file://$APPLICATION_PLUGINS_DIR$/python-ce/helpers/python-skeletons" />
        <root url="file://$APPLICATION_PLUGINS_DIR$/python-ce/helpers/typeshed/stdlib/3.7" />
        <root url="file://$APPLICATION_PLUGINS_DIR$/python-ce/helpers/typeshed/stdlib/3" />
        <root url="file://$APPLICATION_PLUGINS_DIR$/python-ce/helpers/typeshed/stdlib/2and3" />
        <root url="file://$APPLICATION_PLUGINS_DIR$/python-ce/helpers/typeshed/third_party/3" />
        <root url="file://$APPLICATION_PLUGINS_DIR$/python-ce/helpers/typeshed/third_party/2and3" />
      </CLASSES>
      <SOURCES>
        <root url="file://$USER_HOME$/.pyenv/versions/3.7.3/lib/python3.7" />
        <root url="file://$USER_HOME$/.pyenv/versions/3.7.3/lib/python3.7/lib-dynload" />
        <root url="file://$USER_HOME$/.local/lib/python3.7/site-packages" />
        <root url="file://$USER_HOME$/.pyenv/versions/3.7.3/lib/python3.7/site-packages" />
        <root url="file://$USER_HOME$/Library/Caches/JetBrains/GoLand2020.2/python_stubs/686822975" />
        <root url="file://$APPLICATION_PLUGINS_DIR$/python-ce/helpers/python-skeletons" />
        <root url="file://$APPLICATION_PLUGINS_DIR$/python-ce/helpers/typeshed/stdlib/3.7" />
        <root url="file://$APPLICATION_PLUGINS_DIR$/python-ce/helpers/typeshed/stdlib/3" />
        <root url="file://$APPLICATION_PLUGINS_DIR$/python-ce/helpers/typeshed/stdlib/2and3" />
        <root url="file://$APPLICATION_PLUGINS_DIR$/python-ce/helpers/typeshed/third_party/3" />
        <root url="file://$APPLICATION_PLUGINS_DIR$/python-ce/helpers/typeshed/third_party/2and3" />
      </SOURCES>
    </library>
    <library name="Python 3.7 (client-golang) (2) interpreter library">
      <CLASSES>
        <root url="file://$USER_HOME$/.pyenv/versions/3.7.3/lib/python3.7" />
        <root url="file://$USER_HOME$/.pyenv/versions/3.7.3/lib/python3.7/lib-dynload" />
        <root url="file://$USER_HOME$/.local/lib/python3.7/site-packages" />
        <root url="file://$USER_HOME$/.pyenv/versions/3.7.3/lib/python3.7/site-packages" />
        <root url="file://$USER_HOME$/Library/Caches/JetBrains/GoLand2020.2/python_stubs/686822975" />
        <root url="file://$APPLICATION_PLUGINS_DIR$/python-ce/helpers/python-skeletons" />
        <root url="file://$APPLICATION_PLUGINS_DIR$/python-ce/helpers/typeshed/stdlib/3.7" />
        <root url="file://$APPLICATION_PLUGINS_DIR$/python-ce/helpers/typeshed/stdlib/3" />
        <root url="file://$APPLICATION_PLUGINS_DIR$/python-ce/helpers/typeshed/stdlib/2and3" />
        <root url="file://$APPLICATION_PLUGINS_DIR$/python-ce/helpers/typeshed/third_party/3" />
        <root url="file://$APPLICATION_PLUGINS_DIR$/python-ce/helpers/typeshed/third_party/2and3" />
      </CLASSES>
      <SOURCES>
        <root url="file://$USER_HOME$/.pyenv/versions/3.7.3/lib/python3.7" />
        <root url="file://$USER_HOME$/.pyenv/versions/3.7.3/lib/python3.7/lib-dynload" />
        <root url="file://$USER_HOME$/.local/lib/python3.7/site-packages" />
        <root url="file://$USER_HOME$/.pyenv/versions/3.7.3/lib/python3.7/site-packages" />
        <root url="file://$USER_HOME$/Library/Caches/JetBrains/GoLand2020.2/python_stubs/686822975" />
        <root url="file://$APPLICATION_PLUGINS_DIR$/python-ce/helpers/python-skeletons" />
        <root url="file://$APPLICATION_PLUGINS_DIR$/python-ce/helpers/typeshed/stdlib/3.7" />
        <root url="file://$APPLICATION_PLUGINS_DIR$/python-ce/helpers/typeshed/stdlib/3" />
        <root url="file://$APPLICATION_PLUGINS_DIR$/python-ce/helpers/typeshed/stdlib/2and3" />
        <root url="file://$APPLICATION_PLUGINS_DIR$/python-ce/helpers/typeshed/third_party/3" />
        <root url="file://$APPLICATION_PLUGINS_DIR$/python-ce/helpers/typeshed/third_party/2and3" />
      </SOURCES>
    </library>
    <library name="Python 3.7 (client-golang) (2) interpreter library">
      <CLASSES>
        <root url="file://$USER_HOME$/.pyenv/versions/3.7.3/lib/python3.7" />
        <root url="file://$USER_HOME$/.pyenv/versions/3.7.3/lib/python3.7/lib-dynload" />
        <root url="file://$USER_HOME$/.local/lib/python3.7/site-packages" />
        <root url="file://$USER_HOME$/.pyenv/versions/3.7.3/lib/python3.7/site-packages" />
        <root url="file://$USER_HOME$/Library/Caches/JetBrains/GoLand2020.2/python_stubs/686822975" />
        <root url="file://$APPLICATION_PLUGINS_DIR$/python-ce/helpers/python-skeletons" />
        <root url="file://$APPLICATION_PLUGINS_DIR$/python-ce/helpers/typeshed/stdlib/3.7" />
        <root url="file://$APPLICATION_PLUGINS_DIR$/python-ce/helpers/typeshed/stdlib/3" />
        <root url="file://$APPLICATION_PLUGINS_DIR$/python-ce/helpers/typeshed/stdlib/2and3" />
        <root url="file://$APPLICATION_PLUGINS_DIR$/python-ce/helpers/typeshed/third_party/3" />
        <root url="file://$APPLICATION_PLUGINS_DIR$/python-ce/helpers/typeshed/third_party/2and3" />
      </CLASSES>
      <SOURCES>
        <root url="file://$USER_HOME$/.pyenv/versions/3.7.3/lib/python3.7" />
        <root url="file://$USER_HOME$/.pyenv/versions/3.7.3/lib/python3.7/lib-dynload" />
        <root url="file://$USER_HOME$/.local/lib/python3.7/site-packages" />
        <root url="file://$USER_HOME$/.pyenv/versions/3.7.3/lib/python3.7/site-packages" />
        <root url="file://$USER_HOME$/Library/Caches/JetBrains/GoLand2020.2/python_stubs/686822975" />
        <root url="file://$APPLICATION_PLUGINS_DIR$/python-ce/helpers/python-skeletons" />
        <root url="file://$APPLICATION_PLUGINS_DIR$/python-ce/helpers/typeshed/stdlib/3.7" />
        <root url="file://$APPLICATION_PLUGINS_DIR$/python-ce/helpers/typeshed/stdlib/3" />
        <root url="file://$APPLICATION_PLUGINS_DIR$/python-ce/helpers/typeshed/stdlib/2and3" />
        <root url="file://$APPLICATION_PLUGINS_DIR$/python-ce/helpers/typeshed/third_party/3" />
        <root url="file://$APPLICATION_PLUGINS_DIR$/python-ce/helpers/typeshed/third_party/2and3" />
      </SOURCES>
    </library>
    <library name="Python 3.7 (client-golang) (2) interpreter library">
      <CLASSES>
        <root url="file://$USER_HOME$/.pyenv/versions/3.7.3/lib/python3.7" />
        <root url="file://$USER_HOME$/.pyenv/versions/3.7.3/lib/python3.7/lib-dynload" />
        <root url="file://$USER_HOME$/.local/lib/python3.7/site-packages" />
        <root url="file://$USER_HOME$/.pyenv/versions/3.7.3/lib/python3.7/site-packages" />
        <root url="file://$USER_HOME$/Library/Caches/JetBrains/GoLand2020.2/python_stubs/686822975" />
        <root url="file://$APPLICATION_PLUGINS_DIR$/python-ce/helpers/python-skeletons" />
        <root url="file://$APPLICATION_PLUGINS_DIR$/python-ce/helpers/typeshed/stdlib/3.7" />
        <root url="file://$APPLICATION_PLUGINS_DIR$/python-ce/helpers/typeshed/stdlib/3" />
        <root url="file://$APPLICATION_PLUGINS_DIR$/python-ce/helpers/typeshed/stdlib/2and3" />
        <root url="file://$APPLICATION_PLUGINS_DIR$/python-ce/helpers/typeshed/third_party/3" />
        <root url="file://$APPLICATION_PLUGINS_DIR$/python-ce/helpers/typeshed/third_party/2and3" />
      </CLASSES>
      <SOURCES>
        <root url="file://$USER_HOME$/.pyenv/versions/3.7.3/lib/python3.7" />
        <root url="file://$USER_HOME$/.pyenv/versions/3.7.3/lib/python3.7/lib-dynload" />
        <root url="file://$USER_HOME$/.local/lib/python3.7/site-packages" />
        <root url="file://$USER_HOME$/.pyenv/versions/3.7.3/lib/python3.7/site-packages" />
        <root url="file://$USER_HOME$/Library/Caches/JetBrains/GoLand2020.2/python_stubs/686822975" />
        <root url="file://$APPLICATION_PLUGINS_DIR$/python-ce/helpers/python-skeletons" />
        <root url="file://$APPLICATION_PLUGINS_DIR$/python-ce/helpers/typeshed/stdlib/3.7" />
        <root url="file://$APPLICATION_PLUGINS_DIR$/python-ce/helpers/typeshed/stdlib/3" />
        <root url="file://$APPLICATION_PLUGINS_DIR$/python-ce/helpers/typeshed/stdlib/2and3" />
        <root url="file://$APPLICATION_PLUGINS_DIR$/python-ce/helpers/typeshed/third_party/3" />
        <root url="file://$APPLICATION_PLUGINS_DIR$/python-ce/helpers/typeshed/third_party/2and3" />
      </SOURCES>
    </library>
    <library name="Python 3.7 (client-golang) (2) interpreter library">
      <CLASSES>
        <root url="file://$USER_HOME$/.pyenv/versions/3.7.3/lib/python3.7" />
        <root url="file://$USER_HOME$/.pyenv/versions/3.7.3/lib/python3.7/lib-dynload" />
        <root url="file://$USER_HOME$/.local/lib/python3.7/site-packages" />
        <root url="file://$USER_HOME$/.pyenv/versions/3.7.3/lib/python3.7/site-packages" />
        <root url="file://$USER_HOME$/Library/Caches/JetBrains/GoLand2020.2/python_stubs/686822975" />
        <root url="file://$APPLICATION_PLUGINS_DIR$/python-ce/helpers/python-skeletons" />
        <root url="file://$APPLICATION_PLUGINS_DIR$/python-ce/helpers/typeshed/stdlib/3.7" />
        <root url="file://$APPLICATION_PLUGINS_DIR$/python-ce/helpers/typeshed/stdlib/3" />
        <root url="file://$APPLICATION_PLUGINS_DIR$/python-ce/helpers/typeshed/stdlib/2and3" />
        <root url="file://$APPLICATION_PLUGINS_DIR$/python-ce/helpers/typeshed/third_party/3" />
        <root url="file://$APPLICATION_PLUGINS_DIR$/python-ce/helpers/typeshed/third_party/2and3" />
      </CLASSES>
      <SOURCES>
        <root url="file://$USER_HOME$/.pyenv/versions/3.7.3/lib/python3.7" />
        <root url="file://$USER_HOME$/.pyenv/versions/3.7.3/lib/python3.7/lib-dynload" />
        <root url="file://$USER_HOME$/.local/lib/python3.7/site-packages" />
        <root url="file://$USER_HOME$/.pyenv/versions/3.7.3/lib/python3.7/site-packages" />
        <root url="file://$USER_HOME$/Library/Caches/JetBrains/GoLand2020.2/python_stubs/686822975" />
        <root url="file://$APPLICATION_PLUGINS_DIR$/python-ce/helpers/python-skeletons" />
        <root url="file://$APPLICATION_PLUGINS_DIR$/python-ce/helpers/typeshed/stdlib/3.7" />
        <root url="file://$APPLICATION_PLUGINS_DIR$/python-ce/helpers/typeshed/stdlib/3" />
        <root url="file://$APPLICATION_PLUGINS_DIR$/python-ce/helpers/typeshed/stdlib/2and3" />
        <root url="file://$APPLICATION_PLUGINS_DIR$/python-ce/helpers/typeshed/third_party/3" />
        <root url="file://$APPLICATION_PLUGINS_DIR$/python-ce/helpers/typeshed/third_party/2and3" />
      </SOURCES>
    </library>
    <library name="Python 3.7 (client-golang) (2) interpreter library">
      <CLASSES>
        <root url="file://$USER_HOME$/.pyenv/versions/3.7.3/lib/python3.7" />
        <root url="file://$USER_HOME$/.pyenv/versions/3.7.3/lib/python3.7/lib-dynload" />
        <root url="file://$USER_HOME$/.local/lib/python3.7/site-packages" />
        <root url="file://$USER_HOME$/.pyenv/versions/3.7.3/lib/python3.7/site-packages" />
        <root url="file://$USER_HOME$/Library/Caches/JetBrains/GoLand2020.2/python_stubs/686822975" />
        <root url="file://$APPLICATION_PLUGINS_DIR$/python-ce/helpers/python-skeletons" />
        <root url="file://$APPLICATION_PLUGINS_DIR$/python-ce/helpers/typeshed/stdlib/3.7" />
        <root url="file://$APPLICATION_PLUGINS_DIR$/python-ce/helpers/typeshed/stdlib/3" />
        <root url="file://$APPLICATION_PLUGINS_DIR$/python-ce/helpers/typeshed/stdlib/2and3" />
        <root url="file://$APPLICATION_PLUGINS_DIR$/python-ce/helpers/typeshed/third_party/3" />
        <root url="file://$APPLICATION_PLUGINS_DIR$/python-ce/helpers/typeshed/third_party/2and3" />
      </CLASSES>
      <SOURCES>
        <root url="file://$USER_HOME$/.pyenv/versions/3.7.3/lib/python3.7" />
        <root url="file://$USER_HOME$/.pyenv/versions/3.7.3/lib/python3.7/lib-dynload" />
        <root url="file://$USER_HOME$/.local/lib/python3.7/site-packages" />
        <root url="file://$USER_HOME$/.pyenv/versions/3.7.3/lib/python3.7/site-packages" />
        <root url="file://$USER_HOME$/Library/Caches/JetBrains/GoLand2020.2/python_stubs/686822975" />
        <root url="file://$APPLICATION_PLUGINS_DIR$/python-ce/helpers/python-skeletons" />
        <root url="file://$APPLICATION_PLUGINS_DIR$/python-ce/helpers/typeshed/stdlib/3.7" />
        <root url="file://$APPLICATION_PLUGINS_DIR$/python-ce/helpers/typeshed/stdlib/3" />
        <root url="file://$APPLICATION_PLUGINS_DIR$/python-ce/helpers/typeshed/stdlib/2and3" />
        <root url="file://$APPLICATION_PLUGINS_DIR$/python-ce/helpers/typeshed/third_party/3" />
        <root url="file://$APPLICATION_PLUGINS_DIR$/python-ce/helpers/typeshed/third_party/2and3" />
      </SOURCES>
    </library>
    <library name="Python 3.7 (client-golang) (2) interpreter library">
      <CLASSES>
        <root url="file://$USER_HOME$/.pyenv/versions/3.7.3/lib/python3.7" />
        <root url="file://$USER_HOME$/.pyenv/versions/3.7.3/lib/python3.7/lib-dynload" />
        <root url="file://$USER_HOME$/.local/lib/python3.7/site-packages" />
        <root url="file://$USER_HOME$/.pyenv/versions/3.7.3/lib/python3.7/site-packages" />
        <root url="file://$USER_HOME$/Library/Caches/JetBrains/GoLand2020.2/python_stubs/686822975" />
        <root url="file://$APPLICATION_PLUGINS_DIR$/python-ce/helpers/python-skeletons" />
        <root url="file://$APPLICATION_PLUGINS_DIR$/python-ce/helpers/typeshed/stdlib/3.7" />
        <root url="file://$APPLICATION_PLUGINS_DIR$/python-ce/helpers/typeshed/stdlib/3" />
        <root url="file://$APPLICATION_PLUGINS_DIR$/python-ce/helpers/typeshed/stdlib/2and3" />
        <root url="file://$APPLICATION_PLUGINS_DIR$/python-ce/helpers/typeshed/third_party/3" />
        <root url="file://$APPLICATION_PLUGINS_DIR$/python-ce/helpers/typeshed/third_party/2and3" />
      </CLASSES>
      <SOURCES>
        <root url="file://$USER_HOME$/.pyenv/versions/3.7.3/lib/python3.7" />
        <root url="file://$USER_HOME$/.pyenv/versions/3.7.3/lib/python3.7/lib-dynload" />
        <root url="file://$USER_HOME$/.local/lib/python3.7/site-packages" />
        <root url="file://$USER_HOME$/.pyenv/versions/3.7.3/lib/python3.7/site-packages" />
        <root url="file://$USER_HOME$/Library/Caches/JetBrains/GoLand2020.2/python_stubs/686822975" />
        <root url="file://$APPLICATION_PLUGINS_DIR$/python-ce/helpers/python-skeletons" />
        <root url="file://$APPLICATION_PLUGINS_DIR$/python-ce/helpers/typeshed/stdlib/3.7" />
        <root url="file://$APPLICATION_PLUGINS_DIR$/python-ce/helpers/typeshed/stdlib/3" />
        <root url="file://$APPLICATION_PLUGINS_DIR$/python-ce/helpers/typeshed/stdlib/2and3" />
        <root url="file://$APPLICATION_PLUGINS_DIR$/python-ce/helpers/typeshed/third_party/3" />
        <root url="file://$APPLICATION_PLUGINS_DIR$/python-ce/helpers/typeshed/third_party/2and3" />
      </SOURCES>
    </library>
    <library name="Python 3.7 (client-golang) interpreter library">
      <CLASSES>
        <root url="file:///usr/local/Cellar/python/3.7.5/Frameworks/Python.framework/Versions/3.7/lib/python3.7" />
        <root url="file:///usr/local/Cellar/python/3.7.5/Frameworks/Python.framework/Versions/3.7/lib/python3.7/lib-dynload" />
        <root url="file://$USER_HOME$/projects/go-modules/src/git.xlab.la/iot/client-golang/venv/lib/python3.7/site-packages" />
        <root url="file://$USER_HOME$/Library/Caches/JetBrains/GoLand2020.2/python_stubs/-1492174830" />
        <root url="file://$APPLICATION_PLUGINS_DIR$/python-ce/helpers/python-skeletons" />
        <root url="file://$APPLICATION_PLUGINS_DIR$/python-ce/helpers/typeshed/stdlib/3.7" />
        <root url="file://$APPLICATION_PLUGINS_DIR$/python-ce/helpers/typeshed/stdlib/3" />
        <root url="file://$APPLICATION_PLUGINS_DIR$/python-ce/helpers/typeshed/stdlib/2and3" />
        <root url="file://$APPLICATION_PLUGINS_DIR$/python-ce/helpers/typeshed/third_party/3" />
        <root url="file://$APPLICATION_PLUGINS_DIR$/python-ce/helpers/typeshed/third_party/2and3" />
      </CLASSES>
      <SOURCES>
        <root url="file:///usr/local/Cellar/python/3.7.5/Frameworks/Python.framework/Versions/3.7/lib/python3.7" />
        <root url="file:///usr/local/Cellar/python/3.7.5/Frameworks/Python.framework/Versions/3.7/lib/python3.7/lib-dynload" />
        <root url="file://$USER_HOME$/projects/go-modules/src/git.xlab.la/iot/client-golang/venv/lib/python3.7/site-packages" />
        <root url="file://$USER_HOME$/Library/Caches/JetBrains/GoLand2020.2/python_stubs/-1492174830" />
        <root url="file://$APPLICATION_PLUGINS_DIR$/python-ce/helpers/python-skeletons" />
        <root url="file://$APPLICATION_PLUGINS_DIR$/python-ce/helpers/typeshed/stdlib/3.7" />
        <root url="file://$APPLICATION_PLUGINS_DIR$/python-ce/helpers/typeshed/stdlib/3" />
        <root url="file://$APPLICATION_PLUGINS_DIR$/python-ce/helpers/typeshed/stdlib/2and3" />
        <root url="file://$APPLICATION_PLUGINS_DIR$/python-ce/helpers/typeshed/third_party/3" />
        <root url="file://$APPLICATION_PLUGINS_DIR$/python-ce/helpers/typeshed/third_party/2and3" />
      </SOURCES>
    </library>
    <library name="Python 3.7 (client-golang) interpreter library">
      <CLASSES>
        <root url="file:///usr/local/Cellar/python/3.7.5/Frameworks/Python.framework/Versions/3.7/lib/python3.7" />
        <root url="file:///usr/local/Cellar/python/3.7.5/Frameworks/Python.framework/Versions/3.7/lib/python3.7/lib-dynload" />
        <root url="file://$USER_HOME$/projects/go-modules/src/git.xlab.la/iot/client-golang/venv/lib/python3.7/site-packages" />
        <root url="file://$USER_HOME$/Library/Caches/JetBrains/GoLand2020.2/python_stubs/-1492174830" />
        <root url="file://$APPLICATION_PLUGINS_DIR$/python-ce/helpers/python-skeletons" />
        <root url="file://$APPLICATION_PLUGINS_DIR$/python-ce/helpers/typeshed/stdlib/3.7" />
        <root url="file://$APPLICATION_PLUGINS_DIR$/python-ce/helpers/typeshed/stdlib/3" />
        <root url="file://$APPLICATION_PLUGINS_DIR$/python-ce/helpers/typeshed/stdlib/2and3" />
        <root url="file://$APPLICATION_PLUGINS_DIR$/python-ce/helpers/typeshed/third_party/3" />
        <root url="file://$APPLICATION_PLUGINS_DIR$/python-ce/helpers/typeshed/third_party/2and3" />
      </CLASSES>
      <SOURCES>
        <root url="file:///usr/local/Cellar/python/3.7.5/Frameworks/Python.framework/Versions/3.7/lib/python3.7" />
        <root url="file:///usr/local/Cellar/python/3.7.5/Frameworks/Python.framework/Versions/3.7/lib/python3.7/lib-dynload" />
        <root url="file://$USER_HOME$/projects/go-modules/src/git.xlab.la/iot/client-golang/venv/lib/python3.7/site-packages" />
        <root url="file://$USER_HOME$/Library/Caches/JetBrains/GoLand2020.2/python_stubs/-1492174830" />
        <root url="file://$APPLICATION_PLUGINS_DIR$/python-ce/helpers/python-skeletons" />
        <root url="file://$APPLICATION_PLUGINS_DIR$/python-ce/helpers/typeshed/stdlib/3.7" />
        <root url="file://$APPLICATION_PLUGINS_DIR$/python-ce/helpers/typeshed/stdlib/3" />
        <root url="file://$APPLICATION_PLUGINS_DIR$/python-ce/helpers/typeshed/stdlib/2and3" />
        <root url="file://$APPLICATION_PLUGINS_DIR$/python-ce/helpers/typeshed/third_party/3" />
        <root url="file://$APPLICATION_PLUGINS_DIR$/python-ce/helpers/typeshed/third_party/2and3" />
      </SOURCES>
    </library>
    <library name="Python 3.7 (client-golang) interpreter library">
      <CLASSES>
        <root url="file:///usr/local/Cellar/python/3.7.5/Frameworks/Python.framework/Versions/3.7/lib/python3.7" />
        <root url="file:///usr/local/Cellar/python/3.7.5/Frameworks/Python.framework/Versions/3.7/lib/python3.7/lib-dynload" />
        <root url="file://$USER_HOME$/projects/go-modules/src/git.xlab.la/iot/client-golang/venv/lib/python3.7/site-packages" />
        <root url="file://$USER_HOME$/Library/Caches/JetBrains/GoLand2020.2/python_stubs/-1492174830" />
        <root url="file://$APPLICATION_PLUGINS_DIR$/python-ce/helpers/python-skeletons" />
        <root url="file://$APPLICATION_PLUGINS_DIR$/python-ce/helpers/typeshed/stdlib/3.7" />
        <root url="file://$APPLICATION_PLUGINS_DIR$/python-ce/helpers/typeshed/stdlib/3" />
        <root url="file://$APPLICATION_PLUGINS_DIR$/python-ce/helpers/typeshed/stdlib/2and3" />
        <root url="file://$APPLICATION_PLUGINS_DIR$/python-ce/helpers/typeshed/third_party/3" />
        <root url="file://$APPLICATION_PLUGINS_DIR$/python-ce/helpers/typeshed/third_party/2and3" />
      </CLASSES>
      <SOURCES>
        <root url="file:///usr/local/Cellar/python/3.7.5/Frameworks/Python.framework/Versions/3.7/lib/python3.7" />
        <root url="file:///usr/local/Cellar/python/3.7.5/Frameworks/Python.framework/Versions/3.7/lib/python3.7/lib-dynload" />
        <root url="file://$USER_HOME$/projects/go-modules/src/git.xlab.la/iot/client-golang/venv/lib/python3.7/site-packages" />
        <root url="file://$USER_HOME$/Library/Caches/JetBrains/GoLand2020.2/python_stubs/-1492174830" />
        <root url="file://$APPLICATION_PLUGINS_DIR$/python-ce/helpers/python-skeletons" />
        <root url="file://$APPLICATION_PLUGINS_DIR$/python-ce/helpers/typeshed/stdlib/3.7" />
        <root url="file://$APPLICATION_PLUGINS_DIR$/python-ce/helpers/typeshed/stdlib/3" />
        <root url="file://$APPLICATION_PLUGINS_DIR$/python-ce/helpers/typeshed/stdlib/2and3" />
        <root url="file://$APPLICATION_PLUGINS_DIR$/python-ce/helpers/typeshed/third_party/3" />
        <root url="file://$APPLICATION_PLUGINS_DIR$/python-ce/helpers/typeshed/third_party/2and3" />
      </SOURCES>
    </library>
    <library name="Python 3.7 (client-golang) interpreter library">
      <CLASSES>
        <root url="file:///usr/local/Cellar/python/3.7.5/Frameworks/Python.framework/Versions/3.7/lib/python3.7" />
        <root url="file:///usr/local/Cellar/python/3.7.5/Frameworks/Python.framework/Versions/3.7/lib/python3.7/lib-dynload" />
        <root url="file://$USER_HOME$/projects/go-modules/src/git.xlab.la/iot/client-golang/venv/lib/python3.7/site-packages" />
        <root url="file://$USER_HOME$/Library/Caches/JetBrains/GoLand2020.2/python_stubs/-1492174830" />
        <root url="file://$APPLICATION_PLUGINS_DIR$/python-ce/helpers/python-skeletons" />
        <root url="file://$APPLICATION_PLUGINS_DIR$/python-ce/helpers/typeshed/stdlib/3.7" />
        <root url="file://$APPLICATION_PLUGINS_DIR$/python-ce/helpers/typeshed/stdlib/3" />
        <root url="file://$APPLICATION_PLUGINS_DIR$/python-ce/helpers/typeshed/stdlib/2and3" />
        <root url="file://$APPLICATION_PLUGINS_DIR$/python-ce/helpers/typeshed/third_party/3" />
        <root url="file://$APPLICATION_PLUGINS_DIR$/python-ce/helpers/typeshed/third_party/2and3" />
      </CLASSES>
      <SOURCES>
        <root url="file:///usr/local/Cellar/python/3.7.5/Frameworks/Python.framework/Versions/3.7/lib/python3.7" />
        <root url="file:///usr/local/Cellar/python/3.7.5/Frameworks/Python.framework/Versions/3.7/lib/python3.7/lib-dynload" />
        <root url="file://$USER_HOME$/projects/go-modules/src/git.xlab.la/iot/client-golang/venv/lib/python3.7/site-packages" />
        <root url="file://$USER_HOME$/Library/Caches/JetBrains/GoLand2020.2/python_stubs/-1492174830" />
        <root url="file://$APPLICATION_PLUGINS_DIR$/python-ce/helpers/python-skeletons" />
        <root url="file://$APPLICATION_PLUGINS_DIR$/python-ce/helpers/typeshed/stdlib/3.7" />
        <root url="file://$APPLICATION_PLUGINS_DIR$/python-ce/helpers/typeshed/stdlib/3" />
        <root url="file://$APPLICATION_PLUGINS_DIR$/python-ce/helpers/typeshed/stdlib/2and3" />
        <root url="file://$APPLICATION_PLUGINS_DIR$/python-ce/helpers/typeshed/third_party/3" />
        <root url="file://$APPLICATION_PLUGINS_DIR$/python-ce/helpers/typeshed/third_party/2and3" />
      </SOURCES>
    </library>
    <library name="Python 3.7 (client-golang) interpreter library">
      <CLASSES>
        <root url="file:///usr/local/Cellar/python/3.7.5/Frameworks/Python.framework/Versions/3.7/lib/python3.7" />
        <root url="file:///usr/local/Cellar/python/3.7.5/Frameworks/Python.framework/Versions/3.7/lib/python3.7/lib-dynload" />
        <root url="file://$USER_HOME$/projects/go-modules/src/git.xlab.la/iot/client-golang/venv/lib/python3.7/site-packages" />
        <root url="file://$USER_HOME$/Library/Caches/JetBrains/GoLand2020.2/python_stubs/-1492174830" />
        <root url="file://$APPLICATION_PLUGINS_DIR$/python-ce/helpers/python-skeletons" />
        <root url="file://$APPLICATION_PLUGINS_DIR$/python-ce/helpers/typeshed/stdlib/3.7" />
        <root url="file://$APPLICATION_PLUGINS_DIR$/python-ce/helpers/typeshed/stdlib/3" />
        <root url="file://$APPLICATION_PLUGINS_DIR$/python-ce/helpers/typeshed/stdlib/2and3" />
        <root url="file://$APPLICATION_PLUGINS_DIR$/python-ce/helpers/typeshed/third_party/3" />
        <root url="file://$APPLICATION_PLUGINS_DIR$/python-ce/helpers/typeshed/third_party/2and3" />
      </CLASSES>
      <SOURCES>
        <root url="file:///usr/local/Cellar/python/3.7.5/Frameworks/Python.framework/Versions/3.7/lib/python3.7" />
        <root url="file:///usr/local/Cellar/python/3.7.5/Frameworks/Python.framework/Versions/3.7/lib/python3.7/lib-dynload" />
        <root url="file://$USER_HOME$/projects/go-modules/src/git.xlab.la/iot/client-golang/venv/lib/python3.7/site-packages" />
        <root url="file://$USER_HOME$/Library/Caches/JetBrains/GoLand2020.2/python_stubs/-1492174830" />
        <root url="file://$APPLICATION_PLUGINS_DIR$/python-ce/helpers/python-skeletons" />
        <root url="file://$APPLICATION_PLUGINS_DIR$/python-ce/helpers/typeshed/stdlib/3.7" />
        <root url="file://$APPLICATION_PLUGINS_DIR$/python-ce/helpers/typeshed/stdlib/3" />
        <root url="file://$APPLICATION_PLUGINS_DIR$/python-ce/helpers/typeshed/stdlib/2and3" />
        <root url="file://$APPLICATION_PLUGINS_DIR$/python-ce/helpers/typeshed/third_party/3" />
        <root url="file://$APPLICATION_PLUGINS_DIR$/python-ce/helpers/typeshed/third_party/2and3" />
      </SOURCES>
    </library>
    <library name="Python 3.7 (client-golang) interpreter library">
      <CLASSES>
        <root url="file:///usr/local/Cellar/python/3.7.5/Frameworks/Python.framework/Versions/3.7/lib/python3.7" />
        <root url="file:///usr/local/Cellar/python/3.7.5/Frameworks/Python.framework/Versions/3.7/lib/python3.7/lib-dynload" />
        <root url="file://$USER_HOME$/projects/go-modules/src/git.xlab.la/iot/client-golang/venv/lib/python3.7/site-packages" />
        <root url="file://$USER_HOME$/Library/Caches/JetBrains/GoLand2020.2/python_stubs/-1492174830" />
        <root url="file://$APPLICATION_PLUGINS_DIR$/python-ce/helpers/python-skeletons" />
        <root url="file://$APPLICATION_PLUGINS_DIR$/python-ce/helpers/typeshed/stdlib/3.7" />
        <root url="file://$APPLICATION_PLUGINS_DIR$/python-ce/helpers/typeshed/stdlib/3" />
        <root url="file://$APPLICATION_PLUGINS_DIR$/python-ce/helpers/typeshed/stdlib/2and3" />
        <root url="file://$APPLICATION_PLUGINS_DIR$/python-ce/helpers/typeshed/third_party/3" />
        <root url="file://$APPLICATION_PLUGINS_DIR$/python-ce/helpers/typeshed/third_party/2and3" />
      </CLASSES>
      <SOURCES>
        <root url="file:///usr/local/Cellar/python/3.7.5/Frameworks/Python.framework/Versions/3.7/lib/python3.7" />
        <root url="file:///usr/local/Cellar/python/3.7.5/Frameworks/Python.framework/Versions/3.7/lib/python3.7/lib-dynload" />
        <root url="file://$USER_HOME$/projects/go-modules/src/git.xlab.la/iot/client-golang/venv/lib/python3.7/site-packages" />
        <root url="file://$USER_HOME$/Library/Caches/JetBrains/GoLand2020.2/python_stubs/-1492174830" />
        <root url="file://$APPLICATION_PLUGINS_DIR$/python-ce/helpers/python-skeletons" />
        <root url="file://$APPLICATION_PLUGINS_DIR$/python-ce/helpers/typeshed/stdlib/3.7" />
        <root url="file://$APPLICATION_PLUGINS_DIR$/python-ce/helpers/typeshed/stdlib/3" />
        <root url="file://$APPLICATION_PLUGINS_DIR$/python-ce/helpers/typeshed/stdlib/2and3" />
        <root url="file://$APPLICATION_PLUGINS_DIR$/python-ce/helpers/typeshed/third_party/3" />
        <root url="file://$APPLICATION_PLUGINS_DIR$/python-ce/helpers/typeshed/third_party/2and3" />
      </SOURCES>
    </library>
    <library name="Python 3.7 (client-golang) interpreter library">
      <CLASSES>
        <root url="file:///usr/local/Cellar/python/3.7.5/Frameworks/Python.framework/Versions/3.7/lib/python3.7" />
        <root url="file:///usr/local/Cellar/python/3.7.5/Frameworks/Python.framework/Versions/3.7/lib/python3.7/lib-dynload" />
        <root url="file://$USER_HOME$/projects/go-modules/src/git.xlab.la/iot/client-golang/venv/lib/python3.7/site-packages" />
        <root url="file://$USER_HOME$/Library/Caches/JetBrains/GoLand2020.2/python_stubs/-1492174830" />
        <root url="file://$APPLICATION_PLUGINS_DIR$/python-ce/helpers/python-skeletons" />
        <root url="file://$APPLICATION_PLUGINS_DIR$/python-ce/helpers/typeshed/stdlib/3.7" />
        <root url="file://$APPLICATION_PLUGINS_DIR$/python-ce/helpers/typeshed/stdlib/3" />
        <root url="file://$APPLICATION_PLUGINS_DIR$/python-ce/helpers/typeshed/stdlib/2and3" />
        <root url="file://$APPLICATION_PLUGINS_DIR$/python-ce/helpers/typeshed/third_party/3" />
        <root url="file://$APPLICATION_PLUGINS_DIR$/python-ce/helpers/typeshed/third_party/2and3" />
      </CLASSES>
      <SOURCES>
        <root url="file:///usr/local/Cellar/python/3.7.5/Frameworks/Python.framework/Versions/3.7/lib/python3.7" />
        <root url="file:///usr/local/Cellar/python/3.7.5/Frameworks/Python.framework/Versions/3.7/lib/python3.7/lib-dynload" />
        <root url="file://$USER_HOME$/projects/go-modules/src/git.xlab.la/iot/client-golang/venv/lib/python3.7/site-packages" />
        <root url="file://$USER_HOME$/Library/Caches/JetBrains/GoLand2020.2/python_stubs/-1492174830" />
        <root url="file://$APPLICATION_PLUGINS_DIR$/python-ce/helpers/python-skeletons" />
        <root url="file://$APPLICATION_PLUGINS_DIR$/python-ce/helpers/typeshed/stdlib/3.7" />
        <root url="file://$APPLICATION_PLUGINS_DIR$/python-ce/helpers/typeshed/stdlib/3" />
        <root url="file://$APPLICATION_PLUGINS_DIR$/python-ce/helpers/typeshed/stdlib/2and3" />
        <root url="file://$APPLICATION_PLUGINS_DIR$/python-ce/helpers/typeshed/third_party/3" />
        <root url="file://$APPLICATION_PLUGINS_DIR$/python-ce/helpers/typeshed/third_party/2and3" />
      </SOURCES>
    </library>
    <library name="Python 3.7 (client-golang) interpreter library">
      <CLASSES>
        <root url="file:///usr/local/Cellar/python/3.7.5/Frameworks/Python.framework/Versions/3.7/lib/python3.7" />
        <root url="file:///usr/local/Cellar/python/3.7.5/Frameworks/Python.framework/Versions/3.7/lib/python3.7/lib-dynload" />
        <root url="file://$USER_HOME$/projects/go-modules/src/git.xlab.la/iot/client-golang/venv/lib/python3.7/site-packages" />
        <root url="file://$USER_HOME$/Library/Caches/JetBrains/GoLand2020.2/python_stubs/-1492174830" />
        <root url="file://$APPLICATION_PLUGINS_DIR$/python-ce/helpers/python-skeletons" />
        <root url="file://$APPLICATION_PLUGINS_DIR$/python-ce/helpers/typeshed/stdlib/3.7" />
        <root url="file://$APPLICATION_PLUGINS_DIR$/python-ce/helpers/typeshed/stdlib/3" />
        <root url="file://$APPLICATION_PLUGINS_DIR$/python-ce/helpers/typeshed/stdlib/2and3" />
        <root url="file://$APPLICATION_PLUGINS_DIR$/python-ce/helpers/typeshed/third_party/3" />
        <root url="file://$APPLICATION_PLUGINS_DIR$/python-ce/helpers/typeshed/third_party/2and3" />
      </CLASSES>
      <SOURCES>
        <root url="file:///usr/local/Cellar/python/3.7.5/Frameworks/Python.framework/Versions/3.7/lib/python3.7" />
        <root url="file:///usr/local/Cellar/python/3.7.5/Frameworks/Python.framework/Versions/3.7/lib/python3.7/lib-dynload" />
        <root url="file://$USER_HOME$/projects/go-modules/src/git.xlab.la/iot/client-golang/venv/lib/python3.7/site-packages" />
        <root url="file://$USER_HOME$/Library/Caches/JetBrains/GoLand2020.2/python_stubs/-1492174830" />
        <root url="file://$APPLICATION_PLUGINS_DIR$/python-ce/helpers/python-skeletons" />
        <root url="file://$APPLICATION_PLUGINS_DIR$/python-ce/helpers/typeshed/stdlib/3.7" />
        <root url="file://$APPLICATION_PLUGINS_DIR$/python-ce/helpers/typeshed/stdlib/3" />
        <root url="file://$APPLICATION_PLUGINS_DIR$/python-ce/helpers/typeshed/stdlib/2and3" />
        <root url="file://$APPLICATION_PLUGINS_DIR$/python-ce/helpers/typeshed/third_party/3" />
        <root url="file://$APPLICATION_PLUGINS_DIR$/python-ce/helpers/typeshed/third_party/2and3" />
      </SOURCES>
    </library>
    <library name="Python 3.7 (client-golang) interpreter library">
      <CLASSES>
        <root url="file:///usr/local/Cellar/python/3.7.5/Frameworks/Python.framework/Versions/3.7/lib/python3.7" />
        <root url="file:///usr/local/Cellar/python/3.7.5/Frameworks/Python.framework/Versions/3.7/lib/python3.7/lib-dynload" />
        <root url="file://$USER_HOME$/projects/go-modules/src/git.xlab.la/iot/client-golang/venv/lib/python3.7/site-packages" />
        <root url="file://$USER_HOME$/Library/Caches/JetBrains/GoLand2020.2/python_stubs/-1492174830" />
        <root url="file://$APPLICATION_PLUGINS_DIR$/python-ce/helpers/python-skeletons" />
        <root url="file://$APPLICATION_PLUGINS_DIR$/python-ce/helpers/typeshed/stdlib/3.7" />
        <root url="file://$APPLICATION_PLUGINS_DIR$/python-ce/helpers/typeshed/stdlib/3" />
        <root url="file://$APPLICATION_PLUGINS_DIR$/python-ce/helpers/typeshed/stdlib/2and3" />
        <root url="file://$APPLICATION_PLUGINS_DIR$/python-ce/helpers/typeshed/third_party/3" />
        <root url="file://$APPLICATION_PLUGINS_DIR$/python-ce/helpers/typeshed/third_party/2and3" />
      </CLASSES>
      <SOURCES>
        <root url="file:///usr/local/Cellar/python/3.7.5/Frameworks/Python.framework/Versions/3.7/lib/python3.7" />
        <root url="file:///usr/local/Cellar/python/3.7.5/Frameworks/Python.framework/Versions/3.7/lib/python3.7/lib-dynload" />
        <root url="file://$USER_HOME$/projects/go-modules/src/git.xlab.la/iot/client-golang/venv/lib/python3.7/site-packages" />
        <root url="file://$USER_HOME$/Library/Caches/JetBrains/GoLand2020.2/python_stubs/-1492174830" />
        <root url="file://$APPLICATION_PLUGINS_DIR$/python-ce/helpers/python-skeletons" />
        <root url="file://$APPLICATION_PLUGINS_DIR$/python-ce/helpers/typeshed/stdlib/3.7" />
        <root url="file://$APPLICATION_PLUGINS_DIR$/python-ce/helpers/typeshed/stdlib/3" />
        <root url="file://$APPLICATION_PLUGINS_DIR$/python-ce/helpers/typeshed/stdlib/2and3" />
        <root url="file://$APPLICATION_PLUGINS_DIR$/python-ce/helpers/typeshed/third_party/3" />
        <root url="file://$APPLICATION_PLUGINS_DIR$/python-ce/helpers/typeshed/third_party/2and3" />
      </SOURCES>
    </library>
    <library name="Python 3.7 (venv) interpreter library">
      <CLASSES>
        <root url="file:///usr/local/Cellar/python/3.7.5/Frameworks/Python.framework/Versions/3.7/lib/python3.7" />
        <root url="file:///usr/local/Cellar/python/3.7.5/Frameworks/Python.framework/Versions/3.7/lib/python3.7/lib-dynload" />
        <root url="file://$USER_HOME$/projects/go-modules/src/git.xlab.la/iot-client-golang/venv/lib/python3.7/site-packages" />
        <root url="file:///usr/local/lib/python3.7/site-packages" />
        <root url="file://$USER_HOME$/Library/Caches/JetBrains/GoLand2020.2/python_stubs/-1514807084" />
        <root url="file://$APPLICATION_PLUGINS_DIR$/python-ce/helpers/python-skeletons" />
        <root url="file://$APPLICATION_PLUGINS_DIR$/python-ce/helpers/typeshed/stdlib/3.7" />
        <root url="file://$APPLICATION_PLUGINS_DIR$/python-ce/helpers/typeshed/stdlib/3" />
        <root url="file://$APPLICATION_PLUGINS_DIR$/python-ce/helpers/typeshed/stdlib/2and3" />
        <root url="file://$APPLICATION_PLUGINS_DIR$/python-ce/helpers/typeshed/third_party/3" />
        <root url="file://$APPLICATION_PLUGINS_DIR$/python-ce/helpers/typeshed/third_party/2and3" />
      </CLASSES>
      <SOURCES>
        <root url="file:///usr/local/Cellar/python/3.7.5/Frameworks/Python.framework/Versions/3.7/lib/python3.7" />
        <root url="file:///usr/local/Cellar/python/3.7.5/Frameworks/Python.framework/Versions/3.7/lib/python3.7/lib-dynload" />
        <root url="file://$USER_HOME$/projects/go-modules/src/git.xlab.la/iot-client-golang/venv/lib/python3.7/site-packages" />
        <root url="file:///usr/local/lib/python3.7/site-packages" />
        <root url="file://$USER_HOME$/Library/Caches/JetBrains/GoLand2020.2/python_stubs/-1514807084" />
        <root url="file://$APPLICATION_PLUGINS_DIR$/python-ce/helpers/python-skeletons" />
        <root url="file://$APPLICATION_PLUGINS_DIR$/python-ce/helpers/typeshed/stdlib/3.7" />
        <root url="file://$APPLICATION_PLUGINS_DIR$/python-ce/helpers/typeshed/stdlib/3" />
        <root url="file://$APPLICATION_PLUGINS_DIR$/python-ce/helpers/typeshed/stdlib/2and3" />
        <root url="file://$APPLICATION_PLUGINS_DIR$/python-ce/helpers/typeshed/third_party/3" />
        <root url="file://$APPLICATION_PLUGINS_DIR$/python-ce/helpers/typeshed/third_party/2and3" />
      </SOURCES>
    </library>
    <library name="Python 3.7 (venv) interpreter library">
      <CLASSES>
        <root url="file:///usr/local/Cellar/python/3.7.5/Frameworks/Python.framework/Versions/3.7/lib/python3.7" />
        <root url="file:///usr/local/Cellar/python/3.7.5/Frameworks/Python.framework/Versions/3.7/lib/python3.7/lib-dynload" />
        <root url="file://$USER_HOME$/projects/go-modules/src/git.xlab.la/iot-client-golang/venv/lib/python3.7/site-packages" />
        <root url="file:///usr/local/lib/python3.7/site-packages" />
        <root url="file://$USER_HOME$/Library/Caches/JetBrains/GoLand2020.2/python_stubs/-1514807084" />
        <root url="file://$APPLICATION_PLUGINS_DIR$/python-ce/helpers/python-skeletons" />
        <root url="file://$APPLICATION_PLUGINS_DIR$/python-ce/helpers/typeshed/stdlib/3.7" />
        <root url="file://$APPLICATION_PLUGINS_DIR$/python-ce/helpers/typeshed/stdlib/3" />
        <root url="file://$APPLICATION_PLUGINS_DIR$/python-ce/helpers/typeshed/stdlib/2and3" />
        <root url="file://$APPLICATION_PLUGINS_DIR$/python-ce/helpers/typeshed/third_party/3" />
        <root url="file://$APPLICATION_PLUGINS_DIR$/python-ce/helpers/typeshed/third_party/2and3" />
      </CLASSES>
      <SOURCES>
        <root url="file:///usr/local/Cellar/python/3.7.5/Frameworks/Python.framework/Versions/3.7/lib/python3.7" />
        <root url="file:///usr/local/Cellar/python/3.7.5/Frameworks/Python.framework/Versions/3.7/lib/python3.7/lib-dynload" />
        <root url="file://$USER_HOME$/projects/go-modules/src/git.xlab.la/iot-client-golang/venv/lib/python3.7/site-packages" />
        <root url="file:///usr/local/lib/python3.7/site-packages" />
        <root url="file://$USER_HOME$/Library/Caches/JetBrains/GoLand2020.2/python_stubs/-1514807084" />
        <root url="file://$APPLICATION_PLUGINS_DIR$/python-ce/helpers/python-skeletons" />
        <root url="file://$APPLICATION_PLUGINS_DIR$/python-ce/helpers/typeshed/stdlib/3.7" />
        <root url="file://$APPLICATION_PLUGINS_DIR$/python-ce/helpers/typeshed/stdlib/3" />
        <root url="file://$APPLICATION_PLUGINS_DIR$/python-ce/helpers/typeshed/stdlib/2and3" />
        <root url="file://$APPLICATION_PLUGINS_DIR$/python-ce/helpers/typeshed/third_party/3" />
        <root url="file://$APPLICATION_PLUGINS_DIR$/python-ce/helpers/typeshed/third_party/2and3" />
      </SOURCES>
    </library>
    <library name="Python 3.7 (venv) interpreter library">
      <CLASSES>
        <root url="file:///usr/local/Cellar/python/3.7.5/Frameworks/Python.framework/Versions/3.7/lib/python3.7" />
        <root url="file:///usr/local/Cellar/python/3.7.5/Frameworks/Python.framework/Versions/3.7/lib/python3.7/lib-dynload" />
        <root url="file://$USER_HOME$/projects/go-modules/src/git.xlab.la/iot-client-golang/venv/lib/python3.7/site-packages" />
        <root url="file:///usr/local/lib/python3.7/site-packages" />
        <root url="file://$USER_HOME$/Library/Caches/JetBrains/GoLand2020.2/python_stubs/-1514807084" />
        <root url="file://$APPLICATION_PLUGINS_DIR$/python-ce/helpers/python-skeletons" />
        <root url="file://$APPLICATION_PLUGINS_DIR$/python-ce/helpers/typeshed/stdlib/3.7" />
        <root url="file://$APPLICATION_PLUGINS_DIR$/python-ce/helpers/typeshed/stdlib/3" />
        <root url="file://$APPLICATION_PLUGINS_DIR$/python-ce/helpers/typeshed/stdlib/2and3" />
        <root url="file://$APPLICATION_PLUGINS_DIR$/python-ce/helpers/typeshed/third_party/3" />
        <root url="file://$APPLICATION_PLUGINS_DIR$/python-ce/helpers/typeshed/third_party/2and3" />
      </CLASSES>
      <SOURCES>
        <root url="file:///usr/local/Cellar/python/3.7.5/Frameworks/Python.framework/Versions/3.7/lib/python3.7" />
        <root url="file:///usr/local/Cellar/python/3.7.5/Frameworks/Python.framework/Versions/3.7/lib/python3.7/lib-dynload" />
        <root url="file://$USER_HOME$/projects/go-modules/src/git.xlab.la/iot-client-golang/venv/lib/python3.7/site-packages" />
        <root url="file:///usr/local/lib/python3.7/site-packages" />
        <root url="file://$USER_HOME$/Library/Caches/JetBrains/GoLand2020.2/python_stubs/-1514807084" />
        <root url="file://$APPLICATION_PLUGINS_DIR$/python-ce/helpers/python-skeletons" />
        <root url="file://$APPLICATION_PLUGINS_DIR$/python-ce/helpers/typeshed/stdlib/3.7" />
        <root url="file://$APPLICATION_PLUGINS_DIR$/python-ce/helpers/typeshed/stdlib/3" />
        <root url="file://$APPLICATION_PLUGINS_DIR$/python-ce/helpers/typeshed/stdlib/2and3" />
        <root url="file://$APPLICATION_PLUGINS_DIR$/python-ce/helpers/typeshed/third_party/3" />
        <root url="file://$APPLICATION_PLUGINS_DIR$/python-ce/helpers/typeshed/third_party/2and3" />
      </SOURCES>
    </library>
    <library name="Python 3.7 (venv) interpreter library">
      <CLASSES>
        <root url="file:///usr/local/Cellar/python/3.7.5/Frameworks/Python.framework/Versions/3.7/lib/python3.7" />
        <root url="file:///usr/local/Cellar/python/3.7.5/Frameworks/Python.framework/Versions/3.7/lib/python3.7/lib-dynload" />
        <root url="file://$USER_HOME$/projects/go-modules/src/git.xlab.la/iot-client-golang/venv/lib/python3.7/site-packages" />
        <root url="file:///usr/local/lib/python3.7/site-packages" />
        <root url="file://$USER_HOME$/Library/Caches/JetBrains/GoLand2020.2/python_stubs/-1514807084" />
        <root url="file://$APPLICATION_PLUGINS_DIR$/python-ce/helpers/python-skeletons" />
        <root url="file://$APPLICATION_PLUGINS_DIR$/python-ce/helpers/typeshed/stdlib/3.7" />
        <root url="file://$APPLICATION_PLUGINS_DIR$/python-ce/helpers/typeshed/stdlib/3" />
        <root url="file://$APPLICATION_PLUGINS_DIR$/python-ce/helpers/typeshed/stdlib/2and3" />
        <root url="file://$APPLICATION_PLUGINS_DIR$/python-ce/helpers/typeshed/third_party/3" />
        <root url="file://$APPLICATION_PLUGINS_DIR$/python-ce/helpers/typeshed/third_party/2and3" />
      </CLASSES>
      <SOURCES>
        <root url="file:///usr/local/Cellar/python/3.7.5/Frameworks/Python.framework/Versions/3.7/lib/python3.7" />
        <root url="file:///usr/local/Cellar/python/3.7.5/Frameworks/Python.framework/Versions/3.7/lib/python3.7/lib-dynload" />
        <root url="file://$USER_HOME$/projects/go-modules/src/git.xlab.la/iot-client-golang/venv/lib/python3.7/site-packages" />
        <root url="file:///usr/local/lib/python3.7/site-packages" />
        <root url="file://$USER_HOME$/Library/Caches/JetBrains/GoLand2020.2/python_stubs/-1514807084" />
        <root url="file://$APPLICATION_PLUGINS_DIR$/python-ce/helpers/python-skeletons" />
        <root url="file://$APPLICATION_PLUGINS_DIR$/python-ce/helpers/typeshed/stdlib/3.7" />
        <root url="file://$APPLICATION_PLUGINS_DIR$/python-ce/helpers/typeshed/stdlib/3" />
        <root url="file://$APPLICATION_PLUGINS_DIR$/python-ce/helpers/typeshed/stdlib/2and3" />
        <root url="file://$APPLICATION_PLUGINS_DIR$/python-ce/helpers/typeshed/third_party/3" />
        <root url="file://$APPLICATION_PLUGINS_DIR$/python-ce/helpers/typeshed/third_party/2and3" />
      </SOURCES>
    </library>
  </component>
</application>